{
	"global":{
		 "leaderboard_code":"global"
		,"leaderboard_order":1
		,"leaderboard_valuesFormat":"Integer"
		,"leaderboard_valuesOrder":"Larger is better"
		,"leaderboard_limitMin":0
		,"leaderboard_limitMax":0
		,"leaderboard_title":{
			"fr": "Global",
			"de": "Global",
			"en": "Global",
			"es": "Global",
			"it": "Global",
			"ko": "Global",
			"pt": "Global",
			"tr": "Global",
			"af": "Global",
			"ms": "Global",
			"nl": "Global",
			"ru": "Global",
			"vn": "Global",
			"zh": "Global",
			"tw": "Global",
			"ar": "Global",
			"hi": "Global",
			"id": "Global",
			"ja": "Global",
			"th": "Global"
		}
	}
}